Aspect,Frequency
alibaba,258
app,246
service,159
shipping,111
price,73
delivery,72
quality,64
prices,58
communication,51
seller,47
site,34
customer service,33
products,32
website,31
business,29
supplier,28
order,28
suppliers,27
refund,21
use,17
apps,17
people,16
shipment,16
delivered,15
platform,15
company,15
shipped,14
design,14
payment,14
navigate,13
experience,12
services,12
trade assurance,12
purchase,12
items,11
place,11
product,11
goods,11
response,11
ordering,10
search,10
pricing,10
messages,10
packaged,9
sellers,9
ship,9
information,9
work,8
package,8
trade,8
support,8
quantity,7
person,7
orders,7
web,7
sales,6
google,6
log,6
emails,6
looks,6
process,6
notifications,6
find,6
pictures,6
chat,6
cost,5
photos,5
card,5
system,5
packaging,5
paypal,5
screen,5
aliexpress,5
communicate,5
protection,5
china,5
materials,5
advertising,5
security,5
buy,5
messenger,5
variety,5
whatsapp,5
shopping,5
works,4
transactions,4
communications,4
login,4
delete,4
size,4
responses,4
quotes,4
customer,4
deals,4
user,4
ali baba,4
businesses,4
transaction,4
packed,4
store,4
update,4
representative,4
attention,4
professionalism,4
money,4
customer support,4
chinese,4
cream,3
stock,3
navigation,3
respond,3
sample,3
installed,3
cart,3
waiting,3
application,3
lady,3
performance,3
speed,3
cooperation,3
freight,3
western union,3
production,3
vendors,3
keyboard,3
images,3
merchandise,3
promotions,3
email,3
agent,3
questions,3
selection,3
job,3
safety,3
parcel,3
marketplace,3
printing,3
packing,3
color,2
language,2
professional,2
shoes,2
monitor,2
chair,2
help,2
environment,2
quote,2
time,2
dedication,2
software,2
learning,2
attitude,2
weight,2
companies,2
moq,2
shipping costs,2
contact,2
baba,2
chats,2
favorites,2
technology,2
finish,2
drive,2
clothing,2
mail,2
supply,2
password,2
zhou,2
shipping options,2
mandy,2
packages,2
message,2
explained,2
offers,2
browsing,2
secure,2
ads,2
mails,2
interface,2
messaging,2
fedex,2
ipad,2
tracking,2
spam,2
sent,2
program,2
costs,2
review,2
engines,2
resources,2
uninstall,2
ali,2
pleasure,2
manager,2
shippings,2
alibaba trade assurance,2
shipping cost,2
vendor,2
account,2
searching,2
product descriptions,2
fast,2
details,2
convenience,2
feedback,2
browse,2
cells,2
customs,2
deal,2
bags,2
dhl,2
they,2
parts,2
fraud,2
settings,2
commitment,2
results,2
download,2
checkout,2
customers,2
description,2
currency,2
deliver,2
employees,2
trade insurance,2
content,2
marketing,2
baby,2
simple,2
amazon,2
item,2
finishing,2
staff,2
everyone,2
processing,2
qualities,2
material,2
deliveries,2
quality products,2
notification,2
dimensions,2
wood,2
shipping prices,2
videos,2
designs,2
costco,1
buyer protections,1
radio,1
recommendations,1
jenson,1
collection,1
buyer protection,1
customer assurance,1
priced,1
worth,1
laser equipment,1
payment options,1
sim card,1
wholesale,1
jewelry,1
collaboration,1
owner reply,1
engraving,1
workers,1
kitchen staff,1
specs,1
jobs,1
ships,1
saved,1
designed,1
tony,1
james,1
frieght cost,1
nicholas,1
instructions,1
compact,1
host,1
transparent epoxy resin,1
coffee,1
boss,1
wire,1
vegetables,1
sourcing,1
things,1
rooftop tent,1
conversations,1
market place,1
rack,1
bob wilson,1
shipping price,1
reply,1
alibaba support,1
clothes,1
salesperson,1
ad,1
containers,1
exprience,1
space,1
features,1
filters,1
bbb,1
availability,1
hydraulic,1
ebay,1
upgrading,1
developers,1
upgrade,1
nets,1
boxes,1
counselor,1
clients,1
demeanor,1
partnership,1
usefull,1
appearance,1
pump,1
hydraulic seal kit,1
drives,1
floppy computer disc,1
diagnostic equipment,1
macau,1
valves,1
adapters,1
responsiveness,1
peter,1
text,1
discounts,1
website navigation,1
gloria,1
fred chen,1
mats,1
uncomplicated,1
rooted,1
regina,1
bugs,1
delivery service,1
dhl tracking,1
insurance,1
understand,1
listings,1
zoom,1
willingness,1
samsung,1
delivery time,1
tabel,1
ken,1
edges,1
cast,1
adverts,1
savings,1
commitments,1
network,1
battery,1
instant messenger,1
sales girl,1
family,1
anna,1
airway bill,1
paper,1
jasmine wu,1
after pay,1
springs,1
confidence,1
illinois,1
warranties,1
vinyl,1
transparent,1
fee,1
fonts,1
logo,1
worked,1
ms,1
signing in,1
test,1
advice,1
list,1
plattform,1
specification of product,1
invasion,1
scam,1
sales support,1
team,1
server,1
rose,1
waist trainers,1
return,1
rose wu,1
drain,1
carry cargo,1
after service,1
interaction,1
commande,1
bed,1
stitching quality,1
reinforced stitched handles,1
clarity,1
alibaba service,1
converter,1
time zone,1
ups,1
value,1
guarantee,1
issues,1
built,1
sight,1
options,1
android,1
iphones,1
mia,1
search boxes,1
arrived,1
hog heaven,1
bearing,1
templates,1
sales service,1
access,1
paid,1
santosh,1
answer,1
ui,1
qc,1
screen time,1
minimum,1
food,1
selling,1
served,1
mrs,1
gold,1
ship express,1
colors,1
accessories,1
karla liu,1
downloaded,1
shipping times,1
taxation,1
canvas,1
transport,1
stephen,1
layout,1
replies,1
manufacturers,1
windows explorer,1
chrome,1
skype,1
refurbishing,1
cars,1
dellivery,1
respose,1
community,1
credit,1
sales team,1
goat meat,1
cheaper,1
exchange,1
form,1
intuitive,1
dolls,1
living,1
expierience,1
sound quality,1
saving,1
name,1
alicia,1
sincerely,1
supplier service,1
fees,1
claim,1
darrell,1
store front,1
busines,1
sales assistance,1
surprises,1
goods arrived,1
sizes,1
inventory,1
craftsmen,1
designers,1
quality frames,1
reseller,1
dropshipping,1
acceleration,1
adaptive air suspension,1
dual motor all - wheel drive,1
powertrain,1
iphone,1
jackie li,1
answered,1
wifi,1
courier,1
tech support,1
hopper,1
usd,1
alec,1
toys,1
lazada,1
reponses,1
address,1
picture,1
julie,1
bob,1
michelle,1
merchant,1
look,1
bussiness,1
web site,1
sending,1
webcam,1
setup,1
applications,1
controller,1
rates,1
patience,1
webiste,1
listening,1
categories,1
wishlist,1
phones,1
dispatch,1
sales staff,1
spout,1
printer,1
retired,1
filling,1
timing,1
darlene,1
came,1
install,1
winnie zhang,1
launch,1
hear,1
amy,1
voltage,1
screws,1
aluminum,1
eva,1
understanding,1
cancel,1
bills,1
hoteliers,1
kathy,1
metal,1
profits,1
quotation,1
fabric,1
kelly,1
scrolling,1
samples,1
customer protection,1
dealer,1
sisi,1
csa,1
tweaks,1
guides,1
thankyou,1
laptop mode,1
displaying data,1
bill gates,1
looked,1
ashley,1
branding,1
rep,1
products arrived,1
procedure,1
paperwork,1
training,1
documents,1
day,1
essie,1
chads,1
golf,1
navigating,1
easy,1
warranty,1
deposits,1
scams,1
clearance,1
entrepreneur,1
ig,1
refunding,1
mexico,1
he,1
shipped batteries,1
evidence,1
blinds,1
rena,1
plant,1
idea,1
god,1
diamond,1
alibaba app,1
secure transaction,1
websites,1
lights,1
cheated,1
sound,1
watson,1
inquiry,1
resolution,1
bath,1
admins,1
chaff,1
feeds,1
complicated,1
printed logo,1
unsubscribe,1
invoice,1
product variations,1
hoops,1
buying process,1
document preview,1
cathy,1
comunication,1
video,1
varieties,1
cable assembly,1
assurances,1
delivering,1
tool,1
items arrived,1
sales representative,1
carpet treatment,1
sir,1
sounds,1
products quality,1
loads,1
cherry,1
stone,1
hyperlinks,1
finishes,1
machining,1
model,1
tecnic,1
help center,1
usb,1
jason deng,1
apple,1
tge quality,1
plastic,1
finds,1
ike,1
navy,1
jewelry packaging,1
sergio,1
app alibaba,1
location,1
zoe,1
useful,1
image,1
reservations,1
power tools,1
purchases,1
buying experience,1
sale,1
atmosphere,1
question,1
disconnecting,1
decoration,1
rabbit,1
mingqin hao,1
programmers,1
dpd,1
masks,1
watch,1
functioning,1
piper,1
she,1
tina,1
equipment,1
unlocking,1
sgt,1
prompt,1
opportunity,1
dogs,1
buying,1
pascal,1
option,1
processes,1
start,1
ma,1
i,1
elsa lee,1
home,1
internet,1
purchasing,1
sign,1
shipments,1
feed,1
dhgate,1
haru,1
manual search,1
manuals,1
shops,1
simplicity,1
warn,1
manual,1
milwaukee,1
dewalt,1
accessibility,1
request,1
using,1
estelle,1
wait,1
efficient,1
checks,1
george,1
tab,1
president,1
sofa,1
colour,1
plate,1
cnc,1
crew,1
goood experience,1
contract,1
kelly ma,1
despatch,1
advertisement,1
cloth,1
representive,1
sheepskin,1
verity,1
wait time,1
paying,1
free,1
rfp,1
ingredients,1
feature,1
xiamen,1
pics,1
reliable,1
responsive,1
dora huang,1
supplyer,1
arrive,1
constructed,1
iphonex,1
bang,1
sending demo,1
trustworthy,1
alibaba delivery,1
font,1
back,1
reliability,1
tracy,1
leisure,1
alibaba team,1
squeaky,1
dog,1
calls,1
webpage,1
ipads,1
development,1
logistics,1
garments,1
picture quality,1
grouping,1
sean,1
multitask,1
clarifications,1
dress,1
action,1
gloves,1
provider,1
paddle,1
house payments,1
linkedin,1
components,1
translation,1
