Aspect,Frequency
app,170
alibaba,167
service,152
price,87
delivery,70
shipping,69
quality,55
website,53
communication,49
product,33
seller,32
supplier,31
business,19
use,15
people,15
customer service,14
platform,14
company,13
design,13
experience,12
place,11
response,10
order,9
packaged,9
purchase,8
goods,8
navigate,8
support,7
items,7
work,7
ordering,6
person,6
find,6
trade,6
looks,6
information,5
variety,5
communicate,5
orders,5
process,5
deals,4
representative,4
works,4
packaging,8
transaction,4
attention,4
transactions,4
buy,4
quantity,4
user,4
shopping,4
packed,4
aliexpress,4
store,4
production,3
sales,3
ali baba,3
vendors,3
communications,3
payment,3
refund,3
security,3
application,3
selection,3
materials,3
web,3
agent,3
cooperation,3
responses,3
professionalism,3
job,3
cream,3
safety,3
printing,3
marketplace,3
pleasure,2
attitude,2
dedication,2
finish,2
protection,2
zhou,2
explained,2
chair,2
vendor,2
program,2
sent,2
manager,2
companies,2
deliveries,2
quotes,2
technology,2
respond,2
performance,2
lady,2
system,2
professional,2
convenience,2
ali,2
resources,2
packing,2
photos,2
they,2
fedex,2
dhl,2
bags,2
deal,2
environment,2
fast,2
cells,2
sample,2
quote,2
drive,2
secure,2
offers,2
mandy,2
pictures,2
parts,2
parcel,2
questions,2
quality products,2
customer,2
search,2
employees,2
item,2
speed,2
results,2
marketing,2
google,2
trade assurance,2
content,2
everyone,2
commitment,2
qualities,2
material,2
salesperson,1
ad,1
vegetables,1
exprience,1
videos,1
shipping options,1
baba,1
costco,1
collection,1
reply,1
laser equipment,1
collaboration,1
payment options,1
customer support,1
sourcing,1
bob wilson,1
instructions,1
color,1
saving,1
clarity,1
sincerely,1
supplier service,1
darrell,1
shoes,1
images,1
help,1
market place,1
monitor,1
tony,1
designed,1
feedback,1
saved,1
customers,1
jobs,1
time,1
engraving,1
features,1
rack,1
responsiveness,1
clothes,1
partnership,1
demeanor,1
listings,1
willingness,1
upgrade,1
developers,1
adapters,1
gloria,1
filters,1
fred chen,1
mats,1
uncomplicated,1
look,1
alicia,1
buying,1
sales girl,1
processes,1
usefull,1
appearance,1
alibaba trade assurance,1
recommendations,1
dhl tracking,1
understand,1
stock,1
delivery time,1
ken,1
edges,1
cast,1
searching,1
savings,1
delivery service,1
space,1
nicholas,1
family,1
anna,1
paper,1
jasmine wu,1
springs,1
sound quality,1
dolls,1
expierience,1
wood,1
value,1
worked,1
ms,1
signing in,1
cart,1
advice,1
plattform,1
specification of product,1
sales support,1
staff,1
team,1
rose,1
logo,1
waist trainers,1
rose wu,1
carry cargo,1
after service,1
bed,1
karla liu,1
clothing,1
accessories,1
ship express,1
sight,1
options,1
mia,1
arrived,1
hog heaven,1
money,1
supply,1
interface,1
access,1
santosh,1
built,1
answer,1
qc,1
food,1
selling,1
served,1
mrs,1
stitching quality,1
reinforced stitched handles,1
contact,1
julie,1
checkout,1
packages,1
busines,1
store front,1
layout,1
manufacturers,1
skype,1
refurbishing,1
dellivery,1
respose,1
community,1
sales team,1
stephen,1
cheaper,1
intuitive,1
start,1
living,1
michelle,1
lazada,1
alibaba service,1
alec,1
issues,1
canvas,1
sales assistance,1
goods arrived,1
sizes,1
inventory,1
craftsmen,1
designers,1
quality frames,1
acceleration,1
adaptive air suspension,1
interaction,1
powertrain,1
jackie li,1
surprises,1
answered,1
courier,1
vinyl,1
shops,1
whatsapp,1
looked,1
applications,1
patience,1
listening,1
dispatch,1
sales staff,1
spout,1
download,1
sending,1
filling,1
rates,1
timing,1
darlene,1
came,1
winnie zhang,1
hear,1
amy,1
voltage,1
setup,1
hoteliers,1
aluminum,1
kathy,1
kelly,1
samples,1
customer protection,1
dealer,1
sisi,1
csa,1
guides,1
sean,1
thankyou,1
bill gates,1
action,1
ashley,1
despatch,1
rep,1
day,1
essie,1
tweaks,1
screws,1
categories,1
ma,1
entrepreneur,1
cable assembly,1
delivering,1
tool,1
idea,1
god,1
diamond,1
secure transaction,1
watson,1
inquiry,1
simple,1
model,1
internet,1
tecnic,1
designs,1
jason deng,1
china,1
blinds,1
he,1
printed logo,1
easy,1
varieties,1
freight,1
cathy,1
comunication,1
printer,1
assurances,1
install,1
eva,1
items arrived,1
sales representative,1
installed,1
products quality,1
software,1
cherry,1
finishes,1
machining,1
product variations,1
video,1
quotation,1
profits,1
checks,1
counselor,1
zoe,1
emails,1
useful,1
peter,1
purchases,1
buying experience,1
sale,1
atmosphere,1
question,1
pascal,1
estelle,1
dpd,1
piper,1
she,1
tina,1
prompt,1
bang,1
location,1
cost,1
supplyer,1
app alibaba,1
i,1
elsa lee,1
bussiness,1
language,1
haru,1
rena,1
simplicity,1
warn,1
accessibility,1
request,1
using,1
regina,1
opportunity,1
rooted,1
finds,1
ike,1
settings,1
decoration,1
mingqin hao,1
reliability,1
programmers,1
trustworthy,1
goood experience,1
messages,1
kelly ma,1
businesses,1
cloth,1
representive,1
waiting,1
processing,1
sheepskin,1
verity,1
feature,1
xiamen,1
fraud,1
reliable,1
responsive,1
dora huang,1
crew,1
cnc,1
plate,1
provider,1
tracy,1
browse,1
dog,1
garments,1
picture quality,1
dress,1
gloves,1
baby,1
colour,1
paddle,1
house payments,1
sending demo,1
ship,1
george,1
constructed,1
efficient,1
navigation,1
